post_id,text,subreddit,upvotes,downvotes,num_comments,upvote_ratio,created_utc,url,has_question,is_rage_bait
1q2gr1h,AITA Monthly Open Forum - January 2026: Back In Business,AmItheAsshole,47,0,56,0.84,2026-01-03 01:16:28,https://reddit.com/r/AmItheAsshole/comments/1q2gr1h/aita_monthly_open_forum_january_2026_back_in/,1,
1qmxsxf,"AITA for kicking my ""mentally ill"" brother out of my house when he was treating my wife like garbage",AmItheAsshole,4807,0,401,0.96,2026-01-25 22:34:06,https://reddit.com/r/AmItheAsshole/comments/1qmxsxf/aita_for_kicking_my_mentally_ill_brother_out_of/,1,
1qn387s,AITA if I leave a note for my neighbours about bringing their screaming baby into the apartment hallway CONSTANTLY?,AmItheAsshole,2084,0,384,0.91,2026-01-26 02:20:20,https://reddit.com/r/AmItheAsshole/comments/1qn387s/aita_if_i_leave_a_note_for_my_neighbours_about/,1,
1qnbinh,WIBTAH if I asked my daughter’s preschool teacher not to put the extra clothes that I sent for her on other students?,AmItheAsshole,489,0,122,0.96,2026-01-26 09:30:43,https://reddit.com/r/AmItheAsshole/comments/1qnbinh/wibtah_if_i_asked_my_daughters_preschool_teacher/,1,
1qn0kk3,AITA for telling my parents that I will not parent my younger adult sister?,AmItheAsshole,2301,0,242,0.97,2026-01-26 00:25:12,https://reddit.com/r/AmItheAsshole/comments/1qn0kk3/aita_for_telling_my_parents_that_i_will_not/,1,
1qn9e7b,AITA for throwing a tantrum at the airport?,AmItheAsshole,271,0,48,0.9,2026-01-26 07:23:24,https://reddit.com/r/AmItheAsshole/comments/1qn9e7b/aita_for_throwing_a_tantrum_at_the_airport/,1,
1qn2tcj,"AITA for selling my old toys on eBay, against my parents wishes?",AmItheAsshole,423,0,98,0.94,2026-01-26 02:02:03,https://reddit.com/r/AmItheAsshole/comments/1qn2tcj/aita_for_selling_my_old_toys_on_ebay_against_my/,1,
1qnaun7,AITA For calling the non-emergency police over my neighbors parking?,AmItheAsshole,110,0,62,0.91,2026-01-26 08:49:59,https://reddit.com/r/AmItheAsshole/comments/1qnaun7/aita_for_calling_the_nonemergency_police_over_my/,1,
1qn7ke3,AITA for finally putting myself first instead of watching my brother for my mom’s birthday and Valentine’s weekend?,AmItheAsshole,154,0,65,0.94,2026-01-26 05:43:43,https://reddit.com/r/AmItheAsshole/comments/1qn7ke3/aita_for_finally_putting_myself_first_instead_of/,1,
1qmuq7i,AITA for announcing my own mother's death on Facebook?,AmItheAsshole,775,0,226,0.93,2026-01-25 20:40:37,https://reddit.com/r/AmItheAsshole/comments/1qmuq7i/aita_for_announcing_my_own_mothers_death_on/,1,
1qnc2et,AITA for refusing to stop going for lunch with colleagues?,AmItheAsshole,70,0,65,0.79,2026-01-26 10:04:06,https://reddit.com/r/AmItheAsshole/comments/1qnc2et/aita_for_refusing_to_stop_going_for_lunch_with/,1,
1qn4d40,AITA for reporting my downstairs neighbors for smoking weed to the landlord,AmItheAsshole,131,0,60,0.81,2026-01-26 03:10:42,https://reddit.com/r/AmItheAsshole/comments/1qn4d40/aita_for_reporting_my_downstairs_neighbors_for/,1,
1qmbxma,AITA for telling my SIL that I don’t can’t about her health condition and she needs to shower,AmItheAsshole,5439,0,577,0.92,2026-01-25 06:50:19,https://reddit.com/r/AmItheAsshole/comments/1qmbxma/aita_for_telling_my_sil_that_i_dont_cant_about/,1,
1qmxvc1,AITA - gf agrees to let kids shovel snow and makes me pay,AmItheAsshole,200,0,429,0.72,2026-01-25 22:36:38,https://reddit.com/r/AmItheAsshole/comments/1qmxvc1/aita_gf_agrees_to_let_kids_shovel_snow_and_makes/,1,
1qmrrzb,AITA because I ask my husband for help,AmItheAsshole,365,0,279,0.88,2026-01-25 18:54:20,https://reddit.com/r/AmItheAsshole/comments/1qmrrzb/aita_because_i_ask_my_husband_for_help/,1,
1qn8waw,AITA for yelling at my friend during a kitchen fire?,AmItheAsshole,34,0,27,0.84,2026-01-26 06:55:38,https://reddit.com/r/AmItheAsshole/comments/1qn8waw/aita_for_yelling_at_my_friend_during_a_kitchen/,1,
1qnb08j,AITA for backing out of dog-sitting after realizing I was expected to stay overnight and the owner is staying longer then expected during her trip?,AmItheAsshole,19,0,32,0.78,2026-01-26 08:59:31,https://reddit.com/r/AmItheAsshole/comments/1qnb08j/aita_for_backing_out_of_dogsitting_after/,1,
1qn8nie,AITA for not lending my car to my brother on the weekend?,AmItheAsshole,34,0,31,0.94,2026-01-26 06:42:07,https://reddit.com/r/AmItheAsshole/comments/1qn8nie/aita_for_not_lending_my_car_to_my_brother_on_the/,1,
1qmxp49,AITA for making a little girl cry when she was running about a busy train station?,AmItheAsshole,106,0,48,0.91,2026-01-25 22:30:03,https://reddit.com/r/AmItheAsshole/comments/1qmxp49/aita_for_making_a_little_girl_cry_when_she_was/,1,
1qmostt,AITA for not caring about my dads new girlfriend?,AmItheAsshole,238,0,55,0.91,2026-01-25 17:07:40,https://reddit.com/r/AmItheAsshole/comments/1qmostt/aita_for_not_caring_about_my_dads_new_girlfriend/,1,
1qn3w3k,AITA for refusing to pay for my friend’s concert ticket after they asked me last minute?,AmItheAsshole,35,0,36,0.78,2026-01-26 02:49:56,https://reddit.com/r/AmItheAsshole/comments/1qn3w3k/aita_for_refusing_to_pay_for_my_friends_concert/,1,
1qmvny9,AITA for being annoyed my girlfriend keeps doing my puzzles,AmItheAsshole,84,0,76,0.78,2026-01-25 21:14:50,https://reddit.com/r/AmItheAsshole/comments/1qmvny9/aita_for_being_annoyed_my_girlfriend_keeps_doing/,1,
1qn4nue,AITA for moving back home and asking to never be in the house with just my sisters baby daddy?,AmItheAsshole,27,0,63,0.73,2026-01-26 03:23:55,https://reddit.com/r/AmItheAsshole/comments/1qn4nue/aita_for_moving_back_home_and_asking_to_never_be/,1,
1qn65jz,AITA for going MIA during a trip with my bf and his best friend cause I couldn’t handle their bickering?,AmItheAsshole,20,0,20,0.82,2026-01-26 04:32:55,https://reddit.com/r/AmItheAsshole/comments/1qn65jz/aita_for_going_mia_during_a_trip_with_my_bf_and/,1,
1qnd22l,AITA for taking my (F19) bf (M21) for granted?,AmItheAsshole,7,0,21,0.82,2026-01-26 11:01:45,https://reddit.com/r/AmItheAsshole/comments/1qnd22l/aita_for_taking_my_f19_bf_m21_for_granted/,1,
1q2gr1h,AITA Monthly Open Forum - January 2026: Back In Business,AmItheAsshole,44,0,56,0.83,2026-01-03 01:16:28,https://reddit.com/r/AmItheAsshole/comments/1q2gr1h/aita_monthly_open_forum_january_2026_back_in/,1,
1qmxsxf,"AITA for kicking my ""mentally ill"" brother out of my house when he was treating my wife like garbage",AmItheAsshole,4815,0,401,0.96,2026-01-25 22:34:06,https://reddit.com/r/AmItheAsshole/comments/1qmxsxf/aita_for_kicking_my_mentally_ill_brother_out_of/,1,
1qn387s,AITA if I leave a note for my neighbours about bringing their screaming baby into the apartment hallway CONSTANTLY?,AmItheAsshole,2082,0,384,0.91,2026-01-26 02:20:20,https://reddit.com/r/AmItheAsshole/comments/1qn387s/aita_if_i_leave_a_note_for_my_neighbours_about/,1,
1qnbinh,WIBTAH if I asked my daughter’s preschool teacher not to put the extra clothes that I sent for her on other students?,AmItheAsshole,491,0,122,0.96,2026-01-26 09:30:43,https://reddit.com/r/AmItheAsshole/comments/1qnbinh/wibtah_if_i_asked_my_daughters_preschool_teacher/,1,
1qn0kk3,AITA for telling my parents that I will not parent my younger adult sister?,AmItheAsshole,2297,0,242,0.97,2026-01-26 00:25:12,https://reddit.com/r/AmItheAsshole/comments/1qn0kk3/aita_for_telling_my_parents_that_i_will_not/,1,
1qn9e7b,AITA for throwing a tantrum at the airport?,AmItheAsshole,275,0,48,0.9,2026-01-26 07:23:24,https://reddit.com/r/AmItheAsshole/comments/1qn9e7b/aita_for_throwing_a_tantrum_at_the_airport/,1,
1qn2tcj,"AITA for selling my old toys on eBay, against my parents wishes?",AmItheAsshole,430,0,98,0.94,2026-01-26 02:02:03,https://reddit.com/r/AmItheAsshole/comments/1qn2tcj/aita_for_selling_my_old_toys_on_ebay_against_my/,1,
1qnaun7,AITA For calling the non-emergency police over my neighbors parking?,AmItheAsshole,109,0,62,0.91,2026-01-26 08:49:59,https://reddit.com/r/AmItheAsshole/comments/1qnaun7/aita_for_calling_the_nonemergency_police_over_my/,1,
1qn7ke3,AITA for finally putting myself first instead of watching my brother for my mom’s birthday and Valentine’s weekend?,AmItheAsshole,155,0,65,0.94,2026-01-26 05:43:43,https://reddit.com/r/AmItheAsshole/comments/1qn7ke3/aita_for_finally_putting_myself_first_instead_of/,1,
1qmuq7i,AITA for announcing my own mother's death on Facebook?,AmItheAsshole,776,0,226,0.93,2026-01-25 20:40:37,https://reddit.com/r/AmItheAsshole/comments/1qmuq7i/aita_for_announcing_my_own_mothers_death_on/,1,
1qnc2et,AITA for refusing to stop going for lunch with colleagues?,AmItheAsshole,67,0,65,0.78,2026-01-26 10:04:06,https://reddit.com/r/AmItheAsshole/comments/1qnc2et/aita_for_refusing_to_stop_going_for_lunch_with/,1,
1qn4d40,AITA for reporting my downstairs neighbors for smoking weed to the landlord,AmItheAsshole,130,0,60,0.81,2026-01-26 03:10:42,https://reddit.com/r/AmItheAsshole/comments/1qn4d40/aita_for_reporting_my_downstairs_neighbors_for/,1,
1qmbxma,AITA for telling my SIL that I don’t can’t about her health condition and she needs to shower,AmItheAsshole,5445,0,577,0.92,2026-01-25 06:50:19,https://reddit.com/r/AmItheAsshole/comments/1qmbxma/aita_for_telling_my_sil_that_i_dont_cant_about/,1,
1qmxvc1,AITA - gf agrees to let kids shovel snow and makes me pay,AmItheAsshole,195,0,430,0.72,2026-01-25 22:36:38,https://reddit.com/r/AmItheAsshole/comments/1qmxvc1/aita_gf_agrees_to_let_kids_shovel_snow_and_makes/,1,
1qmrrzb,AITA because I ask my husband for help,AmItheAsshole,361,0,279,0.88,2026-01-25 18:54:20,https://reddit.com/r/AmItheAsshole/comments/1qmrrzb/aita_because_i_ask_my_husband_for_help/,1,
1qn8waw,AITA for yelling at my friend during a kitchen fire?,AmItheAsshole,31,0,27,0.82,2026-01-26 06:55:38,https://reddit.com/r/AmItheAsshole/comments/1qn8waw/aita_for_yelling_at_my_friend_during_a_kitchen/,1,
1qnb08j,AITA for backing out of dog-sitting after realizing I was expected to stay overnight and the owner is staying longer then expected during her trip?,AmItheAsshole,19,0,32,0.78,2026-01-26 08:59:31,https://reddit.com/r/AmItheAsshole/comments/1qnb08j/aita_for_backing_out_of_dogsitting_after/,1,
1qn8nie,AITA for not lending my car to my brother on the weekend?,AmItheAsshole,29,0,31,0.89,2026-01-26 06:42:07,https://reddit.com/r/AmItheAsshole/comments/1qn8nie/aita_for_not_lending_my_car_to_my_brother_on_the/,1,
1qmxp49,AITA for making a little girl cry when she was running about a busy train station?,AmItheAsshole,105,0,48,0.91,2026-01-25 22:30:03,https://reddit.com/r/AmItheAsshole/comments/1qmxp49/aita_for_making_a_little_girl_cry_when_she_was/,1,
1qmostt,AITA for not caring about my dads new girlfriend?,AmItheAsshole,239,0,55,0.91,2026-01-25 17:07:40,https://reddit.com/r/AmItheAsshole/comments/1qmostt/aita_for_not_caring_about_my_dads_new_girlfriend/,1,
1qn3w3k,AITA for refusing to pay for my friend’s concert ticket after they asked me last minute?,AmItheAsshole,36,0,36,0.79,2026-01-26 02:49:56,https://reddit.com/r/AmItheAsshole/comments/1qn3w3k/aita_for_refusing_to_pay_for_my_friends_concert/,1,
1qmvny9,AITA for being annoyed my girlfriend keeps doing my puzzles,AmItheAsshole,85,0,76,0.78,2026-01-25 21:14:50,https://reddit.com/r/AmItheAsshole/comments/1qmvny9/aita_for_being_annoyed_my_girlfriend_keeps_doing/,1,
1qn4nue,AITA for moving back home and asking to never be in the house with just my sisters baby daddy?,AmItheAsshole,28,0,63,0.75,2026-01-26 03:23:55,https://reddit.com/r/AmItheAsshole/comments/1qn4nue/aita_for_moving_back_home_and_asking_to_never_be/,1,
1qn65jz,AITA for going MIA during a trip with my bf and his best friend cause I couldn’t handle their bickering?,AmItheAsshole,21,0,20,0.84,2026-01-26 04:32:55,https://reddit.com/r/AmItheAsshole/comments/1qn65jz/aita_for_going_mia_during_a_trip_with_my_bf_and/,1,
1qnd22l,AITA for taking my (F19) bf (M21) for granted?,AmItheAsshole,7,0,21,0.82,2026-01-26 11:01:45,https://reddit.com/r/AmItheAsshole/comments/1qnd22l/aita_for_taking_my_f19_bf_m21_for_granted/,1,
